{
    "只是": 14.136594655124942,
    "而已": 11.377920295077889,
    "该": 10.789955230049042,
    "一百": 10.279213322495147,
    "周游": 10.279213322495147,
    "诸": 10.279213322495147,
    "到时": 10.279213322495147,
    "见见": 10.279213322495147,
    "女神": 10.279213322495147,
    "一笔勾销": 10.279213322495147,
    "辛梅尔": 10.279213322495147,
    "摆": 10.279213322495147,
    "酒肉": 10.279213322495147,
    "故乡": 10.279213322495147,
    "悠闲自在": 10.279213322495147,
    "百分之一": 10.279213322495147,
    "透视": 10.279213322495147,
    "限": 10.279213322495147,
    "卫兵": 10.279213322495147,
    "一点儿": 10.279213322495147,
    "花": 9.641888424990746,
    "和尚": 9.279419506492241,
    "不及": 9.279419506492241,
    "仅": 9.279419506492241,
    "兴趣": 9.244710860458929,
    "中央": 8.694525740318849,
    "日出": 8.694525740318849,
    "助人为乐": 8.27952260954195,
    "介意": 8.27952260954195,
    "装": 7.957615136148759,
    "哪怕": 7.957615136148759,
    "教会": 7.694594478141501,
    "反而": 7.694594478141501,
    "再": 7.528971897098972,
    "实用": 7.472211876761358,
    "国": 7.279574163830057,
    "乖": 7.279574163830057,
    "偶尔": 7.1096548907557,
    "扩大": 7.1096548907557,
    "着急": 7.1096548907557,
    "时间": 6.986934514251428,
    "这样的话": 6.957656380021393,
    "一道": 6.957656380021393,
    "差不多": 6.957656380021393,
    "多久": 6.694628848281006,
    "年": 6.472241337031331,
    "范围": 6.472241337031331,
    "搜索": 6.372707627519804,
    "不足": 6.372707627519804,
    "这是": 6.369004100139217,
    "本来": 6.279599941664981,
    "家伙": 6.279599941664981,
    "没事": 6.279599941664981,
    "左右": 6.192138616772215,
    "浪费": 6.192138616772215,
    "好吧": 6.10967780445498,
    "短暂": 6.031676498447962,
    "远": 5.887288656533853,
    "衣服": 5.887288656533853,
    "日子": 5.8201753534262375,
    "武器": 5.756045831127412,
    "活": 5.635753032023583,
    "大人": 5.579170138198427,
    "不是": 5.505637405963213,
    "真": 5.472256067391915,
    "不好": 5.421630502268099,
    "还": 4.910543531326385,
    "就是": 4.693116059145548,
    "旅行": 4.607192290631025,
    "魔法": 4.607192290631025,
    "走": 4.524730579735529,
    "像": 4.472263432628608,
    "有人": 4.325422757066174,
    "行": 4.129872791222263,
    "孩子": 4.012833822698753,
    "价值": 3.939770625030383,
    "想": 3.883712167513424,
    "人生": 3.8702299314025734,
    "帮": 3.820189414326126,
    "事": 3.664911667112526,
    "这样": 3.6583558625246844,
    "关心": 3.446732087761588,
    "美丽": 3.372731687219305,
    "隐藏": 3.372731687219305,
    "个人": 3.3371078613209906,
    "又": 3.2352284759356396,
    "多": 3.1815906263723672,
    "机会": 3.1503397569013107,
    "东西": 3.119751498874418,
    "为了": 3.0222351814768227,
    "冒险": 3.0222351814768227,
    "虽然": 2.8449951081846345,
    "继续": 2.828412251236313,
    "的话": 2.812017839617169,
    "不会": 2.7560615222942935,
    "大家": 2.6429990267730537,
    "准备": 2.579184018857252,
    "应该": 2.403107018262901,
    "已经": 2.2966305150046145,
    "还是": 2.134966019686204,
    "现在": 1.9576963361474287,
    "了解": 1.844996300253716,
    "被": 1.5449151315274505,
    "给": 1.313840610385829,
    "不过": 1.290940221266496,
    "非常": 1.1895125434956582,
    "帮助": 0.8681141262856945,
    "来": 0.6741456724298548,
    "需要": 0.5214020289562469,
    "人": 0.11220721547106285,
    "这": -0.42341291645025214
}